{
    "name": "root",
    "metadata": {
        "timer_format_version": "0.1.0",
        "start_time_seconds": "1761680176",
        "python_version": "3.10.12 (main, Jul 26 2023, 19:37:41) [Clang 16.0.3 ]",
        "command_line_arguments": "/Users/marcocassar/Projects/UnityMLagents/.venv/bin/mlagents-learn config/rollerball_config.yaml --run-id=RollerBallmps",
        "mlagents_version": "1.2.0.dev0",
        "mlagents_envs_version": "1.2.0.dev0",
        "communication_protocol_version": "1.5.0",
        "pytorch_version": "2.8.0",
        "numpy_version": "1.23.5",
        "end_time_seconds": "1761680185"
    },
    "total": 8.468129249988124,
    "count": 1,
    "self": 0.0027449988992884755,
    "children": {
        "run_training.setup": {
            "total": 0.011351792025379837,
            "count": 1,
            "self": 0.011351792025379837
        },
        "TrainerController.start_learning": {
            "total": 8.454032459063455,
            "count": 1,
            "self": 3.475008998066187e-05,
            "children": {
                "TrainerController._reset_env": {
                    "total": 8.442487583961338,
                    "count": 1,
                    "self": 8.442487583961338
                },
                "TrainerController.advance": {
                    "total": 0.0004497499903663993,
                    "count": 1,
                    "self": 2.7919886633753777e-06,
                    "children": {
                        "env_step": {
                            "total": 0.0004469580017030239,
                            "count": 1,
                            "self": 5.808298010379076e-05,
                            "children": {
                                "SubprocessEnvManager._take_step": {
                                    "total": 0.00038887502159923315,
                                    "count": 1,
                                    "self": 8.917064405977726e-06,
                                    "children": {
                                        "TorchPolicy.evaluate": {
                                            "total": 0.0003799579571932554,
                                            "count": 1,
                                            "self": 0.0003799579571932554
                                        }
                                    }
                                }
                            }
                        }
                    }
                },
                "TrainerController._save_models": {
                    "total": 0.011060375021770597,
                    "count": 1,
                    "self": 6.4159976318478584e-06,
                    "children": {
                        "RLTrainer._checkpoint": {
                            "total": 0.011053959024138749,
                            "count": 1,
                            "self": 0.011053959024138749
                        }
                    }
                }
            }
        }
    }
}